Reject_rate,Accept_rate,Contract_rate,Refinancing_rate,New_Contract_rate,NTU_rate
0.454304301143182,0.545695698856818,0.4349424900173337,0.11075320883948434,0.4349424900173337,0.11075320883948434
