request,Lended_Amount,Repaid_Amount,Locked_Amount
175176,316803410.3700046,99582278.04200126,217221132.32800335
