Good,Bad,Good_rate,Bad_rate
168848,6328,0.96387633009088,0.03612366990911997
